"자료명","저자","출판사","출판년도","소장처","ISBN","카카오제목","카카오작가","카카오번역자","카카오ISBN","카카오출판사","카카오출간일","카카오썸네일","카카오URL","책소개"
"(Kandel)신경과학의 원리. Vol.2: Part6~Part9","Eric R. Kandel 외 지음; 강봉균 외 역","범문에듀케이션","2014","자료실","9791185305387 ","","","","","","","","",""
"(Kandel) 신경과학의 원리. Vol.1: Part1~Part5","Eric R. Kandel 외 지음; 강봉균 외 역","범문에듀케이션","2014","자료실","9791185305370 ","","","","","","","","",""
"가을비망록","이현정 지음","이랑과이삭","2018","자료실","9788993090390 ","","","","","","","","",""
"틈. 생명의 집","이운룡 지음","이랑과이삭","2018","자료실","9788993090406 ","","","","","","","","",""
"(박근혜정권퇴진)촛불의 기록. 2","기록기념위원회 지음","박근혜정권퇴진비상국민행동기록기념위원회","2018","자료실","9791196434922 ","","","","","","","","",""
"(박근혜정권퇴진)촛불의 기록. 1","기록기념위원회 지음","박근혜정권퇴진비상국민행동기록기념위원회","2018","자료실","9791196434915 ","","","","","","","","",""
"생명나무 오천년 무궁화꽃이 피었습니다","이봉식 지음","사색의나무","2016","자료실","9791195826728 ","","","","","","","","",""
"곰팡이도감. 2","이헌준 대표저가; 오기봉,양형철,박종철,박봉주,나혜진 공동저자","한국곰팡이연구회:학술정보센터","2014","자료실","9788994174099 ","","","","","","","","",""
"곰팡이도감. 1","이헌준 대표저자; 오기봉,양형철,박종철,박봉주,나혜진 공동저자","한국곰팡이연구회:학술정보센터","2014","자료실","9788994174082 ","","","","","","","","",""
"한국의 원생생물. 1","최중기 외 37명 지음","학술정보센터:한국원생생물학회","2016","자료실","9788994174112 ","","","","","","","","",""
"독립운동 현장읽기. 1: 구국계몽운동편","독립기념관 한국독립운동사연구소 편","독립기념관 한국독립운동사연구소","2016","자료실","9788964680728 ","","","","","","","","",""
"транссиби？рский ночь","Songjongchan","pushkin house","2016","자료실","9785000871072 ","","","","","","","","",""
"(제3회) 김승옥문학상 작품집","김경욱 외 지음","도서출판 강","2015","자료실","9788982182068 ","","","","","","","","",""
"(전재산을 독립자그므로 헌납한)이인식과 그 시대","이인식선생 추모문집 편찬위원회 편저","홍익재","2015","자료실","9788971433782 ","","","","","","","","",""
"6.25 전쟁 현장 읽기","김선명","독립기념관 한국독립운동사연구소","2014","자료실","9788964680636 ","","","","","","","","",""
"(핵심을 콕콕!)쉽고 재미있는 경제공부","권익선;류동한 지음;박철한 감수","프리이코노미스쿨","2014","자료실","9788988807729 ","","","","","","","","",""
"독립운동 사적지를 찾아서. 3: 경상. 제주","독립기념관 한국독립운동사연구소 편","국가보훈처","2010","자료실","9788964680469 ","","","","","","","","",""
"독립운동 사적지를 찾아서. 2: 충청. 전라","독립기념관한국독립운동사연구소 편","국가보훈처","2010","자료실","9788964680452 ","","","","","","","","",""
"독립운동 사적지를 찾아서. 1: 서울. 경기. 강원","독립기념관한국독립운동사연구소 편","국가보훈처","2010","자료실","9788964680445 ","","","","","","","","",""
"국가수호 사적지를 찾아서","독립기념관한국독립운동사연구소 편","국가보훈처","2012","자료실","9788964680476 ","","","","","","","","",""
"Shin, Ae-Seon","신애선","미술세계","2012","자료실","9788966240548 ","","","","","","","","",""
"독일에 관한 모든 것","독일외무부","sodietats","2010","자료실","9783797312099 ","","","","","","","","",""
"조선독립의 서 외","한용운 지음;권영민 엮음","태학사","2011","자료실","9788959664528 ","","","","","","","","",""
"스포츠는 세상을 바꾸는 힘이다","맥스미디어편집부","국민체육진흥공단","2011","자료실","9788991976313 ","","","","","","","","",""
"(한국 화약산업의 개척자)현암 김종희","유영수","홍익출판사","2010","자료실","9788970652603 ","","","","","","","","",""
"(한국 강관산업의 선구자 SeAH)해암 이종덕","유영수","홍익출판사","2010","자료실","9788970652610 ","","","","","","","","",""
"브리스베인강가에는 맹그로브가 자라고 있다","윤현덕","인포피아","2010","자료실","9788996022381 ","","","","","","","","",""
"(풀어서 본)반민특위 재판기록. Ⅳ","정운현","선인","2009","자료실","9788959331734 ","","","","","","","","",""
"(풀어서 본)반민특위 재판기록. Ⅲ","정운현","선인","2009","자료실","9788953991727 ","","","","","","","","",""
"(풀어서 본)반민특위 재판기록. Ⅱ","정운현","선인","2009","자료실","9788959331710 ","","","","","","","","",""
"사랑으로 아름다운 세상을","배연창","아이에스","2008","자료실","9788996165507 ","","","","","","","","",""
"저절로 연상영어 (하). 2","박순복","생각하는 오늘","2005","자료실","8995643528 ","","","","","","","","",""
"저절로 연상영어 (상). 1","박순복","생각하는 오늘","2005","자료실","899564351X","","","","","","","","",""
"일제 식민시대 구술실록","전주문화재단","전주문화재단","2007","자료실","9788992821117 ","","","","","","","","",""
"한국문화대사전 찾아보기","신기철","한국문화대사전간행위원회","2008","자료실","9788987087191 ","","","","","","","","",""
"한국문화대사전 화보집","신기철","한국문화대사전간행위원회","2008","자료실","9788987087184 ","","","","","","","","",""
"한국문화대사전. 8: 체지~힘줌도움줄기","신기철","한국문화대사전간행위원회","2008","자료실","9788987087177 ","","","","","","","","",""
"한국문화대사전. 7: ㅈ~체조경기","신기철","한국문화대사전간행위원회","2008","자료실","9788987087160 ","","","","","","","","",""
"한국문화대사전. 6: 연시계~잎숟가락","신기철","한국문화대사전간행위원회","2008","자료실","9788987087153 ","","","","","","","","",""
"한국문화대사전. 5: 석장생~연시","신기철","한국ㅁㄴ화대사전간행위원회","2008","자료실","9788987087146 ","","","","","","","","",""
"한국문화대사전. 2: 교시~다카마쓰총","신기철","한국문화대사전간행위원회","2008","자료실","9788987087115 ","","","","","","","","",""
"한국문화대사전. 1: ㄱ~교술민요","신기철","한국문화대사전간행위원회","2008","자료실","9788987087108 ","","","","","","","","",""
"푸른학교 바른교육","최규호","두인","2004","자료실","8995115939 ","","","","","","","","",""
"(8개 국어로 엮은)반만년의 숨결!","오교성 ; 배점모 ; 장영 [공저]","아사히","2003","자료실","8979100329 ","","","","","","","","",""
"한시로스승찾고묵향으로벗을삼아","김홍광[글]","이화문화출판사","2005","자료실","8981454345 ","","","","","","","","",""
"(20세기)중국 조선족문학사료전집. 23: 김용식 문학편","김용식 지음;김정옥 편","중국조선민족문화예술출판사","2002","자료실","8990375029 ","","","","","","","","",""
"(20세기)중국 조선족문학사료전집. 20: 김학철 문학편 중","김학철 지음;박시형 펴냄","중국조선민족문화예술출판사","2002","자료실","8989146089 ","","","","","","","","",""
"(20세기)중국 조선족문학사료전집. 19: 김학철 문학편 상","김학철 지음;박시형 펴냄","숨","2002","자료실","8989146070 ","","","","","","","","",""
"(20세기)중국 조선족문학사료전집. 3","김창걸 지음;권철 김정옥 편","중국조선민족문화예술출판사","2002","자료실","8990375061 ","","","","","","","","",""
"(20세기)중국 조선족문학사료전집. 2","리욱 지음;이상규 펴냄","중국조선민족문화예술출판사","2002","자료실","8990375010 ","","","","","","","","",""
"(20세기)중국 조선족문학사료전집. 6","최삼용 역;이상규 펴냄","중국조선민족문화예술출판사","2002","자료실","8990375037 ","","","","","","","","",""
"(20세기)중국 조선족문학사료선집. 4","심여추,심극주 지음;이상규 펴냄","중국조선민족문화예술출판사","2002","자료실","8990375037 ","","","","","","","","",""
"(20세기)중국 조선족역사자료집","심여추,심극주 지음;이상규 펴냄","중국조선민족문화예술출판사","2002","자료실","8990375037 ","","","","","","","","",""
"불멸의 지사 심여추 평전","류연산 저","중국조선민족문화예술","2002","자료실","8990375045 ","","","","","","","","",""
"모악에 머물다","송하진 지음","두인","2006","자료실","8995115947 ","","","","","","","","",""
"촛불이여 나 외롭지 않았네","양순영 지음","비앤엠","2007","자료실","9788960071001 ","","","","","","","","",""
"(새로운)한국식물도감. 2: 피자식물외","이영노","교학사","2005","자료실","8909118024 ","","","","","","","","",""
"(새로운)한국식물도감. 1: 양치식물외","이영노","교학사","2005","자료실","8909118016 ","","","","","","","","",""
"(2006) O.헨리 문학상 수상작품집","에드워드 P. 존스 [외 지음];로라 퍼먼 [편집]; 정연희 [옮김]","주한미국대사관 공보과","2006","자료실","9788960780101 ","","","","","","","","",""
"(2006) 미국 올해의 가장 좋은 시","킴 애도니지오 [지음];정규환;조영학[옮김];데이비드 르만 [편집];빌리 콜린스 [객원편집]","주한미국대사관 공보과","2006","자료실","9788960780118 ","","","","","","","","",""
"한국의 과학기술 이야기. 2: 삼국시대","이종호;박규태[지음]","집사재","2007","자료실","9788957751122 ","","","","","","","","",""
"(2006년 개정판) 교육법전 부록","교육법전편찬회 [편]","교학사","2006","자료실","8909108113 ","","","","","","","","",""
"(2005년 개정판) 교육법전","교육법전편찬회 [편]","교학사","2005","자료실","8909097661 ","","","","","","","","",""
"상명의 이름으로","상명대학교 홍보실 [편]","상명대학교","2006","자료실","8995683228 ","","","","","","","","",""
"전주 한지, 천년의 꿈","전주시 [편]","디자인 하우스","2005","자료실","8970419187 ","","","","","","","","",""
"경세유표Ⅰ. 015","정약용[지음];이익성[옮김]","한길사","1997","자료실","8935601900 ","","","","","","","","",""
"담원문록 중. 2","정인보 [지음];정양완 [옮김]","태학사","2006","자료실","8959660531 ","","","","","","","","",""
"담원문록 상. 1","정인보 [지음];정양완 [옮김]","태학사","2006","자료실","8959660523 ","","","","","","","","",""
"사료로 본 독도와 동해","한국학중앙연구원","집문당","2006","자료실","XXXXXXX","","","","","","","","",""
"기후가 미친 걸까?. 2","로베르 사두르니[지음];이수지[옮김]","민음in","2006","자료실","898273112X","","","","","","","","",""
"산굼부리의 식물","김문홍 [지음]","(주) 산굼부리","2005","자료실","카3262","","","","","","","","",""
"위성사진으로 보는 고구려 도성","고구려연구재단 [편]","고구려연구재단","2005","자료실","899144856903980 ","","","","","","","","",""
"설국/센바즈루/금수","가와바타 야스나리 [지음]; 김진욱 [옮김]","한국뉴턴","2001","자료실","8983911662 ","","","","","","","","",""
"미생물도감. 2","정가진 [지음]","서울대학교 미생물연구소","2005","자료실","8995429747 ","","","","","","","","",""
"미생물도감. 1","정가진 [지음]","서울대학교 미생물연구소","2005","자료실","8995429739 ","","","","","","","","",""
"전북대학교 도서관50년사","전북대학교도서관 [편]","전북대학교 중앙도서관","2005","자료실","8991260063 ","","","","","","","","",""
"Women, Fier, and Dangerous Things","George Lakoff","The University of Chicago","1987","자료실","226468038 ","","","","","","","","",""
"After th new Criticism","Frank Lentricchia","The University of Chicago","1980","자료실","226471977 ","","","","","","","","",""
"(중·고등학생)장애이해 교육","우이구...[등저]","국립특수교육원","2004","자료실","8988785630 ","","","","","","","","",""
"Olivr Twist","Charles Dickens","Oxford University","2000","자료실","94230929 ","","","","","","","","",""
"(8개국 언어로 엮은)반만년의 숨결. 3: 전라북도편 Ⅱ","오교성 ; 배점모 ; 장영 [공저]","전라북도외국어자원봉사회","2004","자료실","8979100396 ","","","","","","","","",""
"The Historic Long, Deep Korean Roots In Japan","Chung H. Park","Vantage Press","2004","자료실","533144450 ","","","","","","","","",""
"(대영제국의 정치가)디즈레일리의 생애","앙드레 모루아 [지음] ; 이정림 [옮김]","범우사","1999","자료실","8908032574 ","","","","","","","","",""
"전북의 산 500 : 蘆嶺에 피는 햇살","노승구 [글.사진]","신아","2003","자료실","8971718854 ","","","","","","","","",""
"세계 해저의 생태와 생물. 5: 극피동물문(ECHINODERMATA)","김지현 [글.수중촬영]","국립군산대학교 수산과학연구소","2004","자료실","8995549750 ","","","","","","","","",""
"세계 해저의 생태와 생물. 4: 해조류(ALGAE)/해면동물문(PORIFERA)/연체동물문Ⅱ(MOLUSCA)","김지현 [글.수중촬영]","국립 군산대학교 수산과학연구소","2004","자료실","8995549742 ","","","","","","","","",""
"세계 해저의 생태와 생물. 3: 연체동물문 Ⅰ(MOLLUSCA)","김지현 [글.수중촬영]","국립군산대학교 수산과학연구소","2004","자료실","8995549734 ","","","","","","","","",""
"세계 해저의 생태와 생물. 2: 자포동물문(CNIDARIA)/절지동물문(ARTHROPODA)","김지현 [글.수중촬영]","국립 군산대학교 수산과학연구소","2004","자료실","8995549726 ","","","","","","","","",""
"세계 해저의 생태와 생물. 1: 어류(FISHES)","김지현 [글.수중촬영]","국립군산대학교 수산과학연구소","2004","자료실","8995549718 ","","","","","","","","",""
"土地인물사전","이상진","나남","2002","자료실","8930060277 ","","","","","","","","",""
"全北硏究論著目錄 : 1945-1997","全北大學校全羅文化硏究所 [엮음]","全北大學校全羅文化硏究所","1997","자료실","898590552X","","","","","","","","",""
"지도로 찾아가는 도시의 역사","전주역사박물관 [편]","전주역사박물관","2004","자료실","8971719591 ","","","","","","","","",""
"(시로 읽는 황진이)그 사람 내게로 오네","이생진","우리글","2003","자료실","8989376181 ","","","","","","","","",""
"초망지비.광인일기 외/빙하시대.쇼리킴","강용준/송병수","삼성당","1998","자료실","891400953X","","","","","","","","",""
"내가 훔친 여름.육십년대식 외/잠자는 신화.황진이 외","김승옥/최인호","삼성당","1998","자료실","8914009521 ","","","","","","","","",""
"사무장과 배달원.노새 외/배회","방영웅/신상웅","삼성당","1998","자료실","8914009513 ","","","","","","","","",""
"막차로 온 손님들.폭군/잃은 자와 찾은 자.촉각","홍성원/김용성","삼성당","1998","자료실","8914009505 ","","","","","","","","",""
"들불/오욕의강물.월야 외","유현종/윤정규","삼성당","1998","자료실","8914009491 ","","","","","","","","",""
"일요일의 손님들/한국인","정연희/손장순","삼성당","1998","자료실","8914009483 ","","","","","","","","",""
"사랑과 죽음의 세월/개새끼들.선민의 거리","홍성유/정을병","삼성당","1998","자료실","8914009475 ","","","","","","","","",""
"태풍.웃음소리 외/낙엽.천망 외","최인훈/이병주","삼성당","1998","자료실","8914009467 ","","","","","","","","",""
"허허 선생.옛날 이야기 외/순례자.공장 아사기 외","남정현/박용숙","삼성당","1998","자료실","8914009459 ","","","","","","","","",""
"방앗골 혁명.산장/선혈의 대안.명암 외","오유권/이문희","삼성당","1998","자료실","8914009440 ","","","","","","","","",""
"전야제 외/월레소전","서기원/하근찬","삼성당","1998","자료실","8914009432 ","","","","","","","","",""
"깃발 없는 기수.묵시 외/심천도 외","선우희/이호철","삼성당","1998","자료실","8914009424 ","","","","","","","","",""
"가시내 선생 외/동토.이빨과 발톱 외","추식/박경수","삼성당","1998","자료실","8914009416 ","","","","","","","","",""
"유리의 덫/파시","강신재/박경리","삼성당","1998","자료실","8914009408 ","","","","","","","","",""
"자유인/5분간 외 / 밤에 핀 해바라기","김성한/이범선","삼성당","1998","자료실","8914009394 ","","","","","","","","",""
"강 건너 정인들/끊어진 다리","유주현/정한숙","삼성당","1998","자료실","8914009386 ","","","","","","","","",""
"원색의 계절/역사는 흐른다 외","손소희/한무숙","삼성당","1998","자료실","8914009378 ","","","","","","","","",""
"제2의 청춘 ; 제3인간형 외","안수길","삼성당","2001","자료실","8914009351 ","","","","","","","","",""
"Warszawskie getto, 1943-1988 : W 45 rocznice powstania","WYDAWNICTWO","WYDAWNICTWO","1988","자료실","8322324650 ","","","","","","","","",""
"(한국의 발견)강원도","뿌리깊은나무 [편]","뿌리깊은나무","1992","자료실","8974650010 ","","","","","","","","",""
"Facing : Korea","Yellow Sea","Yellow Sea","2003","자료실","8995365439 ","","","","","","","","",""
"(사진으로 보는) 남북 관계 55년사","[북한문제연구소 편]","북한문제연구소","2001","자료실","8978710077 ","","","","","","","","",""
"대구218","대구지하철 참사 희생자 대책위원회","마실가","2004","자료실","8995322624 ","","","","","","","","",""
"승정원일기. 138: 고종","민족문화추진회 [편]","민족문화추진회","1994","자료실","8979772882 ","","","","","","","","",""
"승정원일기. 137: 고종","민족문화추진회 [편]","민족문화추진회","1994","자료실","8979772874 ","","","","","","","","",""
"승정원일기. 136: 고종","민족문화추진회 [편]","민족문화추진회","1994","자료실","8979772866 ","","","","","","","","",""
"승정원일기. 135: 고종","민족문화추진회 [편]","민족문화추진회","1994","자료실","8979772858 ","","","","","","","","",""
"승정원일기. 134: 고종","민족문화추진회 [편]","민족문화추진회","1994","자료실","897977284X","","","","","","","","",""
"승정원일기. 133: 고종","민족문화추진회 [편]","민족문화추진회","1994","자료실","8979772491 ","","","","","","","","",""
"승정원일기. 132: 고종","민족문화추진회 [편]","민족문화추진회","1994","자료실","8979772483 ","","","","","","","","",""
"승정원일기. 131: 고종","민족문화추진회 [편]","민족문화추진회","1994","자료실","8979772432 ","","","","","","","","",""
"승정원일기. 130: 고종","민족문화추진회 [편]","민족문화추진회","1994","자료실","8979772831 ","","","","","","","","",""
"승정원일기. 129: 고종","민족문화추진회 [편]","민족문화추진회","1994","자료실","8979772823 ","","","","","","","","",""
"승정원일기. 128: 고종","민족문화추진회 [편]","민족문화추진회","1994","자료실","8979772742 ","","","","","","","","",""
"승정원일기. 127: 고종","민족문화추진회 [편]","민족문화추진회","1994","자료실","8979772734 ","","","","","","","","",""
"승정원일기. 126: 고종","민족문화추진회 [편]","민족문화추진회","1994","자료실","8979772394 ","","","","","","","","",""
"승정원일기. 125: 고종","민족문화추진회 [편]","민족문화추진회","1994","자료실","8979772327 ","","","","","","","","",""
"승정원일기. 124: 고종","민족문화추진회 [편]","민족문화추진회","1994","자료실","8979772386 ","","","","","","","","",""
"승정원일기. 107: 고종","민족문화추진회 [편]","민족문화추진회","1994","자료실","8979771150 ","","","","","","","","",""
"승정원일기. 106: 고종","민족문화추진회 [편]","민족문화추진회","1994","자료실","8979771142 ","","","","","","","","",""
"승정원일기. 105: 고종","민족문화추진회 [편]","민족문화추진회","1994","자료실","8979771134 ","","","","","","","","",""
"승정원일기. 104: 고종","민족문화추진회 [편]","민족문화추진회","1994","자료실","8979771479 ","","","","","","","","",""
"승정원일기. 103: 고종","민족문화추진회 [편]","민족문화추진회","1994","자료실","8979771126 ","","","","","","","","",""
"승정원일기. 100: 고종","민족문화추진회 [편]","민족문화추진회","1994","자료실","8979770960 ","","","","","","","","",""
"승정원일기. 99: 고종","민족문화추진회 [편]","민족문화추진회","1994","자료실","8979771088 ","","","","","","","","",""
"승정원일기. 98: 고종","민족문화추진회 [편]","민족문화추진회","1994","자료실","897977107X","","","","","","","","",""
"승정원일기. 97: 고종","민족문화추진회 [편]","민족문화추진회","1994","자료실","8979771061 ","","","","","","","","",""
"승정원일기. 96: 고종","민족문화추진회 [편]","민족문화추진회","1994","자료실","8979770790 ","","","","","","","","",""
"승정원일기. 95: 고종","민족문화추진회 [편]","민족문화추진회","1994","자료실","8979770782 ","","","","","","","","",""
"승정원일기. 94: 고종","민족문화추진회 [편]","민족문화추진회","1994","자료실","8979771096 ","","","","","","","","",""
"승정원일기. 93: 고종","민족문화추진회 [편]","민족문화추진회","1994","자료실","8979770987 ","","","","","","","","",""
"승정원일기. 92: 고종","민족문화추진회 [편]","민족문화추진회","1994","자료실","8979770952 ","","","","","","","","",""
"승정원일기. 91: 고종","민족문화추진회 [편]","민족문화추진회","1994","자료실","8979770774 ","","","","","","","","",""
"(文理平敍)孟子新解","金鍾武","民音社","1994","자료실","8937410540 ","","","","","","","","",""
"(MBC-TV)명곡의 고향. 7: 음악총람","윤성희 [집필]","삼성당","1993","자료실","891401343X","","","","","","","","",""
"(MBC-TV)명곡의 고향. 6: 작품해설집","윤성희 [집필]","삼성당","1993","자료실","8914013421 ","","","","","","","","",""
"(MBC-TV)명곡의 고향. 5: 성악곡","윤성희 [집필]","삼성당","1993","자료실","8914013413 ","","","","","","","","",""
"(MBC-TV)명곡의 고향. 4: 실내악","윤성희 [집필]","삼성당","1993","자료실","8914013405 ","","","","","","","","",""
"(MBC-TV)명곡의 고향. 3: 독주곡","윤성희 [집필]","삼성당","1993","자료실","8914013391 ","","","","","","","","",""
"(MBC-TV)명곡의 고향. 2: 관현악 및 협주곡","윤성희 [집필]","삼성당","1993","자료실","8914013383 ","","","","","","","","",""
"(MBC-TV)명곡의 고향. 1: 교향곡","윤성희 [집필]","삼성당","1993","자료실","8914013375 ","","","","","","","","",""
"검은 고양이 ; 황금충","에드거 앨런 포 [지음] ; 허문순 [옮김]","교연아카데미","2003","자료실","8980483465 ","","","","","","","","",""
"무녀도 ; 갯마을 ; 흑산도","김동리 ; 오영수 외[지음]","교연아카데미","2003","자료실","8980483465 ","","","","","","","","",""
"국가론 ; 인구론 ; 시학","플라톤 외[지음]","교연아카데미","2003","자료실","8980483465 ","","","","","","","","",""
"데미안 ; 인형의 집","헤르만 헤세 ; 헨리크 입센 [지음] ; 박석일 ; 김양순 [옮김]","교연아카데미","2003","자료실","8980483465 ","","","","","","","","",""
"구운몽 ; 홍길동전 외","김만중 ; 허균 외[지음]","교연아카데미","2003","자료실","8980483465 ","","","","","","","","",""
"소나기 ; 독 짓는 늙은이 외","황순원 ; 김유정 외[지음]","교연아카데미","2003","자료실","8980483465 ","","","","","","","","",""
"그대 꿈꾸던 세상 눈떠 오는가","신기섭","아침나라","2003","자료실","8955870701 ","","","","","","","","",""
"국부론. 하권","애덤 스미스 [저] ; 김수행 [역]","동아","1992","자료실","890001209 ","","","","","","","","",""
"칠판위에적은희망이야기","교단수범사례수상작품집","교육인적자원부","2005","자료실","XXXXXX","","","","","","","","",""
"(엘리트 코스)日本語 기초실력","강태정 [편저]","서림문화사","1997","자료실","8971863048 ","","","","","","","","",""
"(한국의 발견)충청북도","뿌리깊은나무 [편]","뿌리깊은나무","1992","자료실","8974650118 ","","","","","","","","",""
"(한국의 발견)서울","뿌리깊은나무 [편]","뿌리깊은나무","1992","자료실","8974650061 ","","","","","","","","",""
"(한국의 발견)경상남도","뿌리깊은나무 [편]","뿌리깊은나무","1992","자료실","8974650037 ","","","","","","","","",""
"(한국의 발견)경상북도","뿌리깊은나무 [편]","뿌리깊은나무","1992","자료실","8974650045 ","","","","","","","","",""
"(한국의 발견)충청남도","뿌리깊은나무 [편]","뿌리깊은나무","1992","자료실","897465010X","","","","","","","","",""
"(한국의 발견)전라북도","뿌리깊은나무 [편]","뿌리깊은나무","1992","자료실","8974650088 ","","","","","","","","",""
"(한국의 발견)제주도","뿌리깊은나무 [편]","뿌리깊은나무","1998","자료실","8974650061 ","","","","","","","","",""
"(한국의 발견)경기도","뿌리깊은나무 [편]","뿌리깊은나무","1992","자료실","8974650029 ","","","","","","","","",""
"세광 명곡 해설 대사전 : 관현악곡,피아노,오르간","[세광음악출판사]편집국 [편]","세광음악","1993","자료실","8903224035 ","","","","","","","","",""
"비줄얼 박물관. 26: 파충류","콜린 매카시 [원저] ; 김항묵 [옮김]","웅진미디어","1993","자료실","8902001687 ","","","","","","","","",""
"정통한국문학대계. 72: 희곡","[어문각]편집위원회 [편]","어문각","1994","자료실","8944100837 ","","","","","","","","",""
"정통한국문학대계. 71: 평론","어문학편집위원회 [편]","어문각","1994","자료실","8944100829 ","","","","","","","","",""
"정통한국문학대계. 70: 시선집②","[어문각]편집위원회 [편]","어문각","1994","자료실","8944100810 ","","","","","","","","",""
"정통한국문학대계. 69: 시선집①","어문각편집위원회 [편]","어문각","1994","자료실","8944100802 ","","","","","","","","",""
"정통한국문학대계. 68","김민숙/서동훈/현의섭/최병탁/임철우/노명석","어문각","1994","자료실","8944100799 ","","","","","","","","",""
"전통한국문학대계. 67","김용철/김상렬/박영한/김경남/표성흠/이인성","어문각","1994","자료실","8944100780 ","","","","","","","","",""
"정통한국문학대계. 66","최학/김태영/이계홍/이명한/김인배/기일혜","어문각","1994","자료실","8944100772 ","","","","","","","","",""
"정통한국문학대계. 65","김지연/김이연/오성찬/민병삼/윤정모/조승기","어문각","1994","자료실","8944100764 ","","","","","","","","",""
"정통한국문학대계. 64","백두성/강호무/박시정/김청조/한천석/송기원","어문각","1994","자료실","8944100756 ","","","","","","","","",""
"정통한국문학대계. 63","강경애/이종환/홍석영/김병총/박해준/송영","어문각","1994","자료실","8944100748 ","","","","","","","","",""
"정통한국문학대계. 62","박상지/한남철/이동희/유금호/이성훈/주창","어문각","1994","자료실","894410073X","","","","","","","","",""
"정통한국문학대계. 61","이세기/이규정/손영목/현길언","어문각","1994","자료실","8944100721 ","","","","","","","","",""
"정통한국문학대계. 60","김지원/강석경/김채원/양귀자","어문각","1994","자료실","8944100713 ","","","","","","","","",""
"정통한국문학대계. 59","백시종/박기동/현기영/이균영","어문각","1994","자료실","8944100705 ","","","","","","","","",""
"정통한국문학대계. 57","신상웅/김성홍/방영웅/이진우","어문각","1994","자료실","8944100683 ","","","","","","","","",""
"정통한국문학대계. 56","최해군/안장환/양문길/신석상","어문각","1994","자료실","8944100675 ","","","","","","","","",""
"정통한국문학대계. 55","전병순/최미나/김영희/이순","어문각","1994","자료실","8944100667 ","","","","","","","","",""
"정통한국문학대계. 54","승지행/오찬식/백용운/김성일","어문각","1994","자료실","8944100659 ","","","","","","","","",""
"정통한국문학대계. 53","이채우/정구창/최현식/현재훈","어문각","1994","자료실","8944100640 ","","","","","","","","",""
"정통한국문학대계. 52","오영석/백인빈/오인문/한문영","어문각","1994","자료실","8944100632 ","","","","","","","","",""
"정통한국문학대계. 51","윤후명/이외수/박범신","어문각","1994","자료실","8944100624 ","","","","","","","","",""
"정통한국문학대계. 50","한승원/문순태/한수산","어문각","1994","자료실","8944100616 ","","","","","","","","",""
"정통한국문학대계. 49","구인환/이정환/이광숙","어문각","1994","자료실","8944100608 ","","","","","","","","",""
"정통한국문학대계. 48","박양호/정소성/이문열","어문각","1994","자료실","8944100594 ","","","","","","","","",""
"정통한국문학대계. 47","윤흥길/유재용/김성동","어문각","1994","자료실","8944100586 ","","","","","","","","",""
"정통한국문학대계. 46","송영/최창학/조해일","어문각","1994","자료실","8944100578 ","","","","","","","","",""
"정통한국문학대계. 45","윤정규/김국태/백도기","어문각","1994","자료실","894410056X","","","","","","","","",""
"정통한국문학대계. 44","이문구/김원일/한용환","어문각","1994","자료실","8944100551 ","","","","","","","","",""
"정통한국문학대계. 43","유현종/김용성/김주영","어문각","1994","자료실","8944100543 ","","","","","","","","",""
"정통한국문학대계. 42","김용운/오탁번/조정래","어문각","1994","자료실","8944100535 ","","","","","","","","",""
"정통한국문학대계. 41","호영송/전상국/박태순","어문각","1994","자료실","8944100527 ","","","","","","","","",""
"정통한국문학대계. 40","구혜영/송숙영/서영은","어문각","1994","자료실","8944100519 ","","","","","","","","",""
"정통한국문학대계. 39","유승휴/홍성원/조선작","어문각","1994","자료실","8944100500 ","","","","","","","","",""
"정통한국문학대계. 38","서정인/이청준/이동하","어문각","1994","자료실","8944100497 ","","","","","","","","",""
"정통한국문학대계. 37","오학영/김문수/김승옥","어문각","1994","자료실","8944100489 ","","","","","","","","",""
"정통한국문학대계. 36","송병수/송상옥/최인호","어문각","1994","자료실","8944100470 ","","","","","","","","",""
"정통한국문학대계. 35","최익규/이문희/천승세","어문각","1994","자료실","8944100462 ","","","","","","","","",""
"정통한국문학대계. 34","이석봉/손장순/박순녀","어문각","1994","자료실","8944100454 ","","","","","","","","",""
"정통한국문학대계. 33","곽학송/오상원/오유권","어문각","1994","자료실","8944100446 ","","","","","","","","",""
"정통한국문학대계. 32","송원희/이정호/박완서","어문각","1994","자료실","8944100438 ","","","","","","","","",""
"정통한국문학대계. 31","박용구/김광식/추식","어문각","1994","자료실","894410042X","","","","","","","","",""
"정통한국문학대계. 29","김광주/허윤석/최태응","어문각","1994","자료실","8944100403 ","","","","","","","","",""
"정통한국문학대계. 28","주요섭/최학송/정비석","어문각","1994","자료실","894410039X","","","","","","","","",""
"정통한국문학대계. 27","전영택/유진오/김송","어문각","1994","자료실","8944100381 ","","","","","","","","",""
"정통한국문학대계. 26","박경수;정을병","어문각","1994","자료실","8944100373 ","","","","","","","","",""
"정통한국문학대계. 25","하근찬;강용준","어문각","1994","자료실","8944100365 ","","","","","","","","",""
"정통한국문학대계. 24","서기원/최인훈","어문각","1994","자료실","8944100357 ","","","","","","","","",""
"정통한국문학대계. 23","최일남/이호철","어문각","1994","자료실","8944100349 ","","","","","","","","",""
"정통한국문학대계. 22","강신재/박경리","어문각","1994","자료실","8944100330 ","","","","","","","","",""
"정통한국문학대계. 21","정한숙/전광용","어문각","1994","자료실","8944100322 ","","","","","","","","",""
"정통한국문학대계. 20","손창섭/이범선","어문각","1994","자료실","8944100314 ","","","","","","","","",""
"정통한국문학대계. 19","오영수/유주현","어문각","1994","자료실","8944100306 ","","","","","","","","",""
"정통한국문학대계. 18","장용학/이병주","어문각","1994","자료실","8944100292 ","","","","","","","","",""
"한국정통문학대계. 17","김성한/선우휘","범한","1994","자료실","8944100284 ","","","","","","","","",""
"정통한국문학대계. 16","손소희/한무숙","어문각","1994","자료실","8944100276 ","","","","","","","","",""
"정통한국문학대계. 15","최인욱/박연희","어문각","1994","자료실","8944100268 ","","","","","","","","",""
"정통문학대계. 14","안수길","어문각","1994","자료실","894410025X","","","","","","","","",""
"정통한국문학대계. 13","최정희","어문각","1994","자료실","8944100241 ","","","","","","","","",""
"정통한국문학대계. 8","이효석/김유정","어문각","1994","자료실","8944100195 ","","","","","","","","",""
"정통한국문학대계. 6","채만식/계용묵","어문각","1994","자료실","8944100179 ","","","","","","","","",""
"古代 아메리카","조나단 노오튼 레너드 [저] ; 한국일보타임-라이프편집부 [역]","한국일보 타임-라이프","1993","자료실","8933004076 ","","","","","","","","",""
"探險時代","존 R. 헤일 [저] ; 한국일보타임-라이프편집부 [역]","한국일보 타임-라이프","1993","자료실","8933003061 ","","","","","","","","",""
"젊은이여 希望의 등불을 켜라","안병욱","자유문학사","1990","자료실","894240203 ","","","","","","","","",""
"The Modern American Theater : A collection of Critical Essays","Alvin B. Kernan [ed.]","A Spectrum Book","1967","자료실","135862892 ","","","","","","","","",""
"Unicorn's science adventure","정유니 [외] 지음","창조와 지식","2023","자료실","9791160036794 ","","","","","","","","",""
"그로스 아이큐","티파니 보바 지음; 안기순 옮김","Andromedian;로크미디어","2019","자료실","9791135436338 ","","","","","","","","",""
"내게 가장 소중한 책 이야기. 8","전주시덕진도서관 지음","전주시 덕진도서관","2020","자료실","9791187662280 ","","","","","","","","",""
"독립운동 현장읽기. 2: 3.1운동편","독립기념관 한국독립운동사연구소 편","독립기념관 한국독립운동사연구소","2019","자료실","9788964681770 ","","","","","","","","",""
"유럽도시기행. 1: Athenae·Roma·Istanbul·Paris","유시민 지음; 한경혜 사진","생각의길:아름다운사람들","2019","자료실","9788965135586 ","","","","","","","","",""
"(한방 담론탐독)한방과 의료 그 사이","이성오 지음; 아시아사회문화연구소 기획","책방놀지","2019","자료실","9791196527402 ","","","","","","","","",""
